atr_14,std_14,trend_slope,hour_sin,hour_cos,body_ratio,avg_body_5,dist_ema9,dist_ema21,command_age_m1,command_body_ratio,command_range_pct,touch_close_level_ratio,direction_up,symbol,from_ts,target
0.14214285714285677,0.09280725625219714,0.13837083713882645,-0.25881904510252157,0.9659258262890681,0.3888888867283973,0.043999999999999775,0.23507507323790913,0.3737711857234796,1.0,0.2399999995200091,1.1467889907993856,-0.33333333148149463,0.0,CADJPY_otc,1785204960,0
0.47714285714286575,0.35356271495536484,-0.042872686740663864,0.0,1.0,0.8124999987304576,0.28799999999999953,-0.13319737513697413,-0.17601295658424873,17.0,0.6682926826008313,0.47046403818683313,0.031249999951144122,1.0,STARBUCKS_otc,1785207720,1
0.14785714285714238,0.09187904136228431,0.14061140302208378,0.0,1.0,0.6153846130177262,0.08799999999999812,0.23038449418330686,0.3713198440750071,0.0,0.5365853645449155,0.9778201764612889,-0.230769229881661,0.0,GBPCAD_otc,1785209400,0
0.1585714285714285,0.14715059192288102,0.02034905722282004,0.0,1.0,0.24999999874999113,0.12199999999999847,-0.3024062914906218,-0.2821187710971026,4.0,0.44067796535478254,0.946726572513686,0.1499999992500089,1.0,EURCAD_otc,1785209640,1
0.461428571428574,0.34293817723598363,0.0013869577955217894,0.25881904510252074,0.9659258262890683,0.7868852446116559,0.28599999999999,0.12276736047597647,0.12415602100297474,0.0,0.4160583938568853,0.2925849991451133,-0.14754098336474955,0.0,LINK_otc,1785211200,1
0.4828571428571412,0.5033956126713137,0.10059389636653837,0.25881904510252074,0.9659258262890683,0.627906975283918,0.24799999999999614,0.654635062314274,0.7558874815969758,1.0,0.2404371583385579,2.5512337933563165,-0.27906976679286716,0.0,GOLD_otc,1785211260,1
0.10714285714285714,0.08783100656536943,-7.857431346491442,0.49999999999999994,0.8660254037844387,0.7333333284444447,0.072,-84.92471604784785,-86.10924613467684,3.0,0.5999999985,3999.99960000004,0.13333333244444442,1.0,FORD_otc,1785214980,1
0.40285714285714186,0.4418094661650689,-0.06654204598334848,0.7071067811865476,0.7071067811865476,0.44680850968774694,0.22000000000000455,-0.08090685913761107,-0.1473950680415485,1.0,0.2151898732815477,0.3520812906668293,0.021276595699393483,1.0,PETROLEO_otc,1785218460,1
0.5435714285714255,0.3574182454721102,-0.010301503388266433,0.9659258262890683,0.25881904510252074,0.5495495490544654,0.21400000000001002,-0.10774375101146093,-0.11803415517356627,6.0,0.2499999998546594,0.367670635513626,0.1891891890187277,1.0,LINK_otc,1785225960,1
0.1700000000000017,0.1164493003867214,0.06002990752139878,1.0,6.123233995736766e-17,0.9473684160664919,0.08400000000000034,0.3587548218088399,0.4190000895179991,7.0,0.26530612190754266,1.1608623548647083,-0.052631578670350274,0.0,CADJPY_otc,1785232320,1
0.5085714285714289,0.4599074202175291,-0.01395084232139429,0.9659258262890683,-0.25881904510252063,0.6949152530593743,0.25799999999999274,-0.17262116032570712,-0.186547920541211,6.0,0.6666666663398693,0.5653475224460612,0.15254237262285528,1.0,NIKE_otc,1785233160,0
0.45785714285714463,0.3337367522072007,-0.037206951381858276,0.8660254037844387,-0.4999999999999998,0.17647058788933892,0.23999999999999772,-0.06550538409137138,-0.1026879629168183,17.0,0.9074074068472936,0.3735387027591757,0.3725490188773571,1.0,COKE_otc,1785236520,0
0.13642857142857118,0.1285250221502331,-0.2784834961760734,0.7071067811865476,-0.7071067811865475,0.5624999964843737,0.030000000000000426,-0.4628863652907942,-0.7400807993334835,9.0,0.1730769227440827,2.3540063376028044,0.31249999804687917,1.0,CHFJPY_otc,1785241440,1
0.144285714285714,0.16201512614223224,0.1146893300176732,0.7071067811865476,-0.7071067811865475,0.11538461494083364,0.11000000000000085,0.6558334816031473,0.7712749826469026,3.0,0.7230769219644969,2.0105165480355507,-0.3076923065088715,0.0,EURCHF_otc,1785241980,1
0.45999999999999985,0.4241449057783077,-0.13998735739667892,0.258819045102521,-0.9659258262890682,0.6666666654970761,0.2639999999999986,-0.6268438879320967,-0.7659537431350568,2.0,0.36842105241613193,2.030637691461467,0.14035087694677648,1.0,NVIDIA_otc,1785249120,0
0.5207142857142912,0.3843819071432219,-0.030096186730142076,-0.2588190451025208,-0.9659258262890683,0.7466666656711142,0.3599999999999909,-0.15406276436937272,-0.18411258408226858,10.0,0.45328719707499004,0.6478222859818225,0.2399999996800091,1.0,PETROLEO_otc,1785256800,1
0.16785714285714398,0.14345999174331692,0.13691215180457672,-0.9659258262890683,-0.25881904510252063,0.8999999954999858,0.10799999999999983,0.5684022991607104,0.7060926627839748,10.0,0.24561403465681836,1.4778325122769562,-0.049999999749989345,0.0,EURJPY_otc,1785272100,0
0.4821428571428531,0.30665959936059395,-0.008959649228083864,-1.0,-1.8369701987210297e-16,0.22807017503846813,0.4,-0.07017579371748763,-0.07912915544061137,8.0,0.6666666661938668,0.31593098812386483,0.7017543847337328,1.0,PETROLEO_otc,1785275580,1
0.5342857142857075,0.32373252423898746,-0.0038575390649657265,-0.9659258262890684,0.2588190451025203,0.8030303018135188,0.20200000000000956,-0.14169200771312404,-0.1455440809535403,8.0,0.7884615379561248,0.3369839932595927,0.09090909077134987,1.0,LINK_otc,1785279180,1
0.4657142857142844,0.36337550583531014,-0.018731050289267494,0.49999999999999994,0.8660254037844387,0.5208333322482441,0.25,-0.08901834934451826,-0.10773272556200335,4.0,0.6778523485383439,0.37359275881861276,0.45833333237851165,1.0,SUI_otc,1785301440,0
0.13714285714285726,0.06511612619095455,0.054042114281712794,0.49999999999999994,0.8660254037844387,0.5454545429751978,0.08599999999999994,0.271466535693518,0.3256553562306869,16.0,0.26666666607408246,1.303214595965742,-0.27272727148761505,0.0,EURCHF_otc,1785302160,1
0.49214285714284806,0.23975834904933005,-0.020751732862145638,0.7071067811865476,0.7071067811865476,0.17142857118368277,0.20000000000001136,0.03310708856898413,0.012348485412260222,5.0,0.6719999994624254,0.2824220515131441,-0.6428571419388509,0.0,STARBUCKS_otc,1785306000,1
0.5071428571428547,0.5548056782721036,0.015137833553647867,0.7071067811865476,0.7071067811865476,0.6081081072863176,0.5279999999999972,0.24569901318040252,0.2608740402417086,0.0,0.30379746822624004,0.6760033087062346,-0.3648648643717752,0.0,NIKE_otc,1785307500,0
0.1692857142857141,0.17856725269740123,0.11805949324243577,0.7071067811865476,0.7071067811865476,0.13333333244446655,0.11199999999999903,0.3146174073389532,0.4330483362981459,12.0,0.8181818171192444,1.426982950307141,-0.0666666662222096,0.0,EURCAD_otc,1785308220,1
0.15142857142857075,0.12803030204340515,-0.0722540649027206,0.9659258262890683,0.25881904510252074,0.4999999949999645,0.08799999999999955,-0.42603417659056286,-0.497980414482822,9.0,0.916666664756932,1.3022246337140038,0.2999999970000071,1.0,GBPCAD_otc,1785315240,1
0.13571428571428562,0.10471310885040326,0.0936421970501217,0.8660254037844387,-0.4999999999999998,0.08333333298609384,0.07199999999999988,0.2162072786564088,0.3100519369524466,9.0,0.3571428566326516,1.8781862086965952,-0.4583333314236346,0.0,EURJPY_otc,1785326040,1
0.38857142857143245,0.29621884542105104,0.0499563201122711,0.7071067811865476,-0.7071067811865475,0.3030303025711375,0.18799999999998818,-0.0986247514064121,-0.048717700590663514,4.0,0.7410071937115341,0.35110763090668506,0.43939393872820537,1.0,PRATA_otc,1785327540,1
0.1535714285714295,0.16098767955077983,-0.17106496296034332,0.49999999999999994,-0.8660254037844387,0.6470588197232007,0.04000000000000057,-0.3668641481009833,-0.5373015350422629,19.0,0.8809523788548804,1.1979463776041506,0.11764705813146822,1.0,EURCHF_otc,1785332040,1
0.5257142857142858,0.42305599348803374,1.0027379497557563,1.2246467991473532e-16,-1.0,0.4074074069044382,0.3760000000000005,2.6692946979124192,3.698798678594962,11.0,0.46540880473873736,9.29824561349134,-0.1111111109739369,0.0,SPACEX_otc,1785338760,0
0.5500000000000073,0.3320044021066406,-0.058799331154715404,-0.2588190451025208,-0.9659258262890683,0.9482758604339548,0.2779999999999859,-0.1133628673253533,-0.1720955418723036,7.0,0.8476821186439437,0.34464656608690214,0.05172413784190732,1.0,PETROLEO_otc,1785343920,1
0.1350000000000003,0.1595477812621755,0.08398569022987215,-0.8660254037844386,0.5000000000000001,0.6428571382653026,0.08999999999999986,0.8315567212798955,0.9162408001617874,6.0,0.6507936497606462,2.065573770424076,-0.14285714183673107,0.0,NZDJPY_otc,1785368160,1
0.5271428571428568,0.4788384526445399,0.027868776820908898,0.25881904510252074,0.9659258262890683,0.5166666658055887,0.29799999999999044,0.15561876007768566,0.18353090594353205,11.0,0.7839999996863918,0.5240980272939266,-0.4333333326111206,0.0,LINK_otc,1785387360,1
0.16214285714285687,0.13460565114742318,0.06297796114691064,0.49999999999999994,0.8660254037844387,0.28571428367346213,0.11600000000000107,0.36307803231561003,0.4262846526046454,6.0,0.9215686256439845,1.1705301812905502,-0.14285714183675646,0.0,GBPNZD_otc,1785389760,0
0.11142857142857057,0.12798523267297363,-0.13413695911204204,0.49999999999999994,0.8660254037844387,0.7499999906250445,0.07199999999999847,-0.3362865371216802,-0.4699724116989241,5.0,0.2909090903801606,1.276102088137439,0.12499999843747782,1.0,GBPNZD_otc,1785390600,1
0.47714285714285715,0.36020522232929225,-0.23609908973794325,0.8660254037844386,0.5000000000000001,0.23913043426276193,0.2739999999999981,0.9842878422007684,0.7458648578269879,2.0,0.7222222217764038,3.671804170361014,-0.08695652155009384,0.0,NVIDIA_otc,1785397620,1
0.28499999999999254,0.17463934553193347,0.01241058884993889,0.8660254037844386,0.5000000000000001,0.749999998125071,0.24799999999999045,0.07338728140540017,0.08580697804910244,13.0,0.20388349494771538,0.25884599919517515,-0.024999999937478683,0.0,AMZN_otc,1785398280,0
0.5421428571428564,0.38705708471436717,-0.21539846801831666,0.8660254037844386,0.5000000000000001,0.3571428567784283,0.14399999999999977,-0.6537806459965366,-0.8677708805191765,14.0,0.7572254330883117,3.8265870381812235,0.520408162734277,1.0,SHIBA_otc,1785398340,1
0.5578571428571512,0.3807482510892073,0.009979666094345814,0.9659258262890683,0.25881904510252074,0.868421051488963,0.3680000000000064,-0.14871744531023962,-0.1387526207203598,4.0,0.6846153840887409,0.30855406816598446,0.013157894719517277,1.0,COKE_otc,1785400440,0
0.16500000000000004,0.13571341815462776,-0.7108572804383493,1.0,6.123233995736766e-17,0.20833333246527316,0.13999999999999985,-1.4702112727171373,-2.170617449285551,17.0,0.7999999986666649,6.230529594368581,0.04166666649305463,1.0,CHFJPY_otc,1785403020,1
0.15499999999999986,0.12137717075932143,-0.18710572627013292,0.9659258262890683,-0.25881904510252063,0.46153845976331775,0.07199999999999988,-2.1078731197158183,-2.291034894676454,17.0,0.3888888881687232,5.4054054048643145,0.11538461494082602,1.0,CHFJPY_otc,1785408420,1
0.44928571428571373,0.560582997170697,-0.49064083591703994,0.258819045102521,-0.9659258262890682,0.8596491212988518,0.3059999999999974,-1.5059860053921668,-1.9892378589835569,19.0,0.7682926824583566,3.4819532907965627,0.05263157885503429,1.0,SHIBA_otc,1785421140,1
0.12857142857142861,0.06981923284530168,-0.06346718042233285,0.258819045102521,-0.9659258262890682,0.4666666651111119,0.1019999999999996,-0.3412971342044806,-0.40454770295887166,1.0,0.27777777700616735,1.5094339622008597,0.26666666577777143,1.0,NZDJPY_otc,1785421860,1
0.6421428571428578,0.4538189597919365,0.03212509763913404,0.258819045102521,-0.9659258262890682,0.3846153841222431,0.5079999999999927,0.1243948135512781,0.1565598731457235,4.0,0.9644970408494086,0.45052249946563566,-0.6025641017916405,0.0,PRATA_otc,1785422940,1
0.12571428571428506,0.13712310984227472,-0.18200586672912616,-0.2588190451025208,-0.9659258262890683,0.6249999960937445,0.08600000000000137,-0.5502619792816368,-0.7312663369260906,5.0,0.5576923066198282,1.6255079711901983,0.12499999921874445,1.0,EURCHF_otc,1785429300,1
0.14071428571428563,0.09645359870419952,-0.04507803961376688,-0.8660254037844385,-0.5000000000000004,0.7826086922495368,0.09399999999999978,-0.28927243028560656,-0.33422007155865757,1.0,0.34782608620038546,0.84218235077184,0.04347826068055213,1.0,EURCAD_otc,1785439860,0
0.16071428571428623,0.05662679056840936,-0.025301014597646124,-0.8660254037844385,-0.5000000000000004,0.3214285702806231,0.04800000000000324,-0.2306869152322879,-0.25592956369983627,14.0,0.9318181797004103,1.121019108251688,0.5357142838010132,1.0,GBPNZD_otc,1785441540,0
0.144285714285714,0.14205710042057149,-0.02898960313719245,-1.0,-1.8369701987210297e-16,0.4166666631944297,0.1,-0.48001200678353645,-0.5088624563449514,11.0,0.31506849271908133,1.9119958092741671,0.49999999583336296,1.0,EURJPY_otc,1785447660,1
0.15428571428571441,0.12523384719264918,-0.06745048701924676,-0.8660254037844386,0.5000000000000001,0.7647058801038059,0.1140000000000004,2.329903217396812,2.260881199310354,16.0,0.6808510623811675,3.9562289558959454,-0.20588235233564103,0.0,CHFJPY_otc,1785453360,0
0.16214285714285687,0.20366558455140554,-0.24848009763498916,-0.8660254037844386,0.5000000000000001,0.4666666635555619,0.06200000000000046,-0.38159795530192187,-0.6291298579650038,4.0,0.3823529406141841,1.704260651586359,0.3333333311111427,1.0,CADJPY_otc,1785453540,1
0.47428571428571736,0.4340715744603987,-0.03559574640492679,-0.7071067811865477,0.7071067811865474,0.12820512787643074,0.1759999999999991,-0.11935537996957798,-0.1549086409361302,2.0,0.3647798739843978,0.4881793061084281,0.4358974347798062,1.0,NIKE_otc,1785458820,1
0.5264285714285714,0.3297726489564584,1.9846190021075154,-0.5000000000000004,0.8660254037844384,0.8333333320707074,0.258,21.860688062359007,24.27915843374355,12.0,0.6305732480060042,46.44970412826932,-0.07575757564279127,0.0,ETHEREUM_otc,1785460320,0
0.38785714285714334,0.3093523898817923,-0.008922676048177643,-0.5000000000000004,0.8660254037844384,0.4791666656683608,0.2659999999999968,0.10584836794642642,0.09691624739127462,2.0,0.7633587780432362,0.29042699419081675,-0.08333333315977157,0.0,STARBUCKS_otc,1785461520,1
0.1371428571428575,0.136260900357173,0.4677816183831502,0.25881904510252074,0.9659258262890683,0.8499999957499952,0.1,2.1123274317507867,2.589990129579732,6.0,0.5517241369797864,5.069930069486895,-0.04999999974999867,0.0,CHFJPY_otc,1785472560,1
0.41500000000000015,0.25458434102630917,0.0017918713566483814,0.7071067811865476,0.7071067811865476,0.9523809501134173,0.2660000000000082,0.09454127394458055,0.09633483935923695,8.0,0.5142857137959059,0.25437278937870317,-0.023809523752815132,0.0,COKE_otc,1785478080,1
0.4699692857142769,0.45051792287219705,0.0016601071878279484,0.7071067811865476,0.7071067811865476,0.269061960891503,0.31744200000000544,-0.11493871436495913,-0.11328051528298995,1.0,0.47909387237611706,0.3311269629570186,0.009844163672919667,1.0,SPOTIFY_otc,1785480360,1
0.33428571428571885,0.1969771557899483,0.028244523969534398,0.9659258262890683,0.25881904510252074,0.4918032778822974,0.29199999999998455,-0.05112577355303231,-0.0228956898148637,5.0,0.8414634136079757,0.19723865877664423,0.2950819667293784,1.0,AMZN_otc,1785485100,0
0.15071428571428566,0.14008827673623012,-0.09629383552367203,0.7071067811865476,-0.7071067811865475,0.6666666622221591,0.09399999999999835,-0.40327503658554803,-0.49918054310878235,19.0,0.6097560960737707,1.0989010988716366,0.19999999866666668,1.0,GBPNZD_otc,1785501240,0
0.41857142857142876,0.21441076937145023,-2.025472357547363,1.2246467991473532e-16,-1.0,0.6301369854381689,0.19000000000000003,-5.153920359432341,-7.075001484769396,2.0,0.646464645811652,13.598901097033108,0.06849315059110507,1.0,SPACEX_otc,1785511920,1
0.44500000000000534,0.34598481832622785,0.027078521410820653,-0.8660254037844385,-0.5000000000000004,0.2857142850340136,0.26400000000001,0.10747976983289775,0.1345873951762049,6.0,0.43037974656305944,0.3126360362493288,-0.3095238087868255,0.0,VISA_otc,1785524760,1
0.11434142857142884,0.09051801097682492,-0.06733206252224833,-0.9659258262890683,-0.25881904510252063,0.3523946301342219,0.06543399999999906,0.41556015754218806,0.3479482897948459,1.0,0.33681831643782706,2.0905854603856393,-0.5321603279673324,0.0,NZDJPY_otc,1785528960,0
0.11940785714285543,0.09742014913477709,-0.12449789740538025,-0.8660254037844386,0.5000000000000001,0.23514803977889637,0.09020999999999901,-0.2132508055329739,-0.3374832101692656,2.0,0.6114063322291996,0.7118666994124326,0.45272205871328225,1.0,EURCAD_otc,1785538920,1
0.10723857142857136,0.11868990575798893,-0.026668814678375497,-0.5000000000000004,0.8660254037844384,0.7873796182853353,0.08099600000000037,-0.5457851026563935,-0.5723083629171993,0.0,0.20373319699362158,1.3410775666511525,0.02306132773220396,1.0,GBPCAD_otc,1785547800,0
0.488571428571439,0.44058901614846163,-0.0008391497573174532,0.25881904510252074,0.9659258262890683,0.6744186030827842,0.42400000000000093,0.1174817089750932,0.11664157337029998,4.0,0.9418604640210803,0.2025054158420431,-0.11627906949705001,0.0,PETROLEO_otc,1785558840,1
0.48357142857142726,0.48089202826346883,0.5306827346335715,0.25881904510252074,0.9659258262890683,0.7662337652386566,0.17999999999999972,1.0846874943425762,1.6211264782333534,8.0,0.2533936650437142,5.041058394045598,-0.012987012970153448,0.0,GOLD_otc,1785559080,1
0.5457142857142847,0.2965293751660022,0.017564617390459614,0.7071067811865476,0.7071067811865476,0.4776119395856323,0.4319999999999936,0.09317385204536022,0.11075483506643956,7.0,0.5897435893655583,0.37222619899696496,-0.4179104471374813,0.0,NETFLIX_otc,1785564420,0
0.4635714285714414,0.35404491551864553,-0.01432144327992398,0.8660254037844386,0.5000000000000001,0.599999999142841,0.26399999999998724,-0.12053139434514831,-0.13483557578979666,8.0,0.473404255067332,0.37172516065176037,0.17142857118366883,1.0,PAYPAL_otc,1785568080,1
0.11956571428571396,0.12556421998418127,0.04820107575075533,0.8660254037844386,0.5000000000000001,0.5342919734094648,0.12313800000000157,0.354033965699647,0.4024056896303927,9.0,0.9287360302767409,0.7744923748528371,-0.18656117930956045,0.0,GBPCAD_otc,1785569040,0
0.10090285714285763,0.06676494571839948,-0.037827799421658315,0.8660254037844387,-0.4999999999999998,0.7067901199941649,0.04557399999999987,0.41203604253944504,0.37405237895006993,3.0,0.4350603916544765,1.3511861552616058,-0.12982559215252348,0.0,EURCHF_otc,1785582180,1
0.10568928571428568,0.06477031513164562,-0.03820793181595962,0.8660254037844387,-0.4999999999999998,0.29049999792503994,0.05889400000000222,0.10887848866905447,0.07062895663438194,0.0,0.35133493195840493,0.655241323557322,-0.5357142818877225,0.0,EURNZD_otc,1785582900,1
0.48642857142856755,0.3207683083411669,0.026105206522771696,0.8660254037844387,-0.4999999999999998,0.4857142843265445,0.3779999999999973,0.07740738974847465,0.10353280363020406,19.0,0.4729729726533831,0.3825574482374422,-0.31428571338777367,0.0,SUI_otc,1785584940,1
0.39142857142857274,0.19040154191690795,0.02749483671236436,0.7071067811865476,-0.7071067811865475,0.676056337075942,0.29199999999999593,-0.06607326817117654,-0.03859659819600637,1.0,0.6796116498256444,0.23813927679590496,0.29577464747079973,1.0,AMZN_otc,1785585660,0
0.4600000000000039,0.4551204404590285,0.04952980172433943,0.49999999999999994,-0.8660254037844387,0.3999999991998636,0.23199999999999363,0.08380434295085108,0.13337565280009045,12.0,0.5798611109097966,0.5568337812483183,-0.13999999972010005,0.0,MASTERCARD_otc,1785591720,1
0.462142857142856,0.250472081756262,-0.3194365327923736,0.49999999999999994,-0.8660254037844387,0.22222222191357588,0.17199999999999704,0.40946522655396195,0.08872071223889395,1.0,0.3076923074556263,1.6973495234143148,-0.1944444441743838,0.0,INTEL_otc,1785591960,1
0.43357142857143216,0.2806086398227528,0.01825505338728352,-0.2588190451025208,-0.9659258262890683,0.4545454535123732,0.24800000000000183,0.13864400797362134,0.15692437089857872,6.0,0.40449438179523645,0.4573954157661259,-0.22727272675625118,0.0,PRATA_otc,1785600360,1
0.5507142857142865,0.7908435474261998,0.5349155904088463,-0.7071067811865477,0.7071067811865474,0.7464788721880586,0.31199999999999906,2.5734717237125024,3.12215321558625,9.0,0.9157894733628802,8.217993079347814,-0.01408450702241337,0.0,SHIBA_otc,1785629340,1
0.5450000000000002,0.2802393011950252,0.7609517612796204,-0.25881904510252157,0.9659258262890681,0.568807338927699,0.27399999999999985,-4.4999400907145715,-3.773230702811771,3.0,0.6324786319380511,11.090047392313739,0.09174311918188673,1.0,FORD_otc,1785637980,1
0.49500000000000455,0.714181695631654,-0.05374951738441676,0.25881904510252074,0.9659258262890683,0.37499999843761844,0.3880000000000109,-0.14724622713466579,-0.20091660038263093,9.0,0.5601659748712936,0.750264616148579,0.2499999989580965,1.0,NIKE_otc,1785644640,1
0.09512714285714312,0.07542258809371541,0.1337048995774052,0.25881904510252074,0.9659258262890683,0.0928315055501851,0.07296400000000033,0.619069787994463,0.7536024142102203,0.0,0.1994471915935098,2.3447446625980364,-0.43913085227342885,0.0,CHFJPY_otc,1785645000,1
0.32000000000000534,0.242669448936809,-0.00849558876762254,0.9659258262890683,0.25881904510252074,0.3636363625344039,0.23600000000000138,-0.06348351095436132,-0.07197370642395792,6.0,0.5116279063818834,0.19455693052464043,0.03030303021134387,1.0,AMZN_otc,1785660660,0
0.5014285714285661,0.8852503215389405,-0.09921716579045668,1.0,6.123233995736766e-17,0.09374999970712561,0.2840000000000146,-0.15134639428525748,-0.25041339847277827,13.0,0.8794326238016282,0.6785044030588538,0.09374999970694797,1.0,COKE_otc,1785661980,1
0.1008835714285701,0.08399043326042775,0.12175586755323578,1.0,6.123233995736766e-17,0.38109041831764734,0.0895540000000011,-0.2555962935116893,-0.1341516294430526,3.0,0.944229761725903,0.730354605258138,0.3211060283074104,1.0,GBPNZD_otc,1785662280,1
0.583571428571429,0.398732194132621,-0.3219920521833769,1.0,6.123233995736766e-17,0.8260869558034017,0.332,-5.86783958763455,-6.170937662710873,9.0,0.614678898800606,22.61410788147156,0.1478260868279772,1.0,SPACEX_otc,1785662640,1
0.10156071428571423,0.11744146795218892,0.4509424254913187,0.9659258262890683,-0.25881904510252063,0.9135981355600926,0.06598799999999941,1.4083153034401517,1.8656084201193686,13.0,0.8948010926230249,3.903576484225588,-0.021358847768831363,0.0,CHFJPY_otc,1785665580,0
0.0997814285714285,0.13820308069451734,-0.11643500596171645,0.49999999999999994,-0.8660254037844387,0.8160935294629147,0.10441200000000031,-1.295720650295752,-1.4106469838410494,4.0,0.6986398948647671,4.146387531104948,0.12785419444391777,1.0,CHFJPY_otc,1785678540,1
0.3307142857142854,0.23503682179863009,0.017346383048798902,0.49999999999999994,-0.8660254037844387,0.13636363574366073,0.22400000000001227,0.08153080462955428,0.098891330324027,14.0,0.6826923070358769,0.2348531038993779,-0.36363636198335364,0.0,AMZN_otc,1785679140,0
0.07650142857142786,0.07052410907631793,-0.11312037572395962,-0.2588190451025208,-0.9659258262890683,0.011249030146912736,0.027783999999999764,-0.10927112178070097,-0.2222678896011445,2.0,0.2178958377927433,1.0098256583306173,0.6545771852736878,1.0,EURCHF_otc,1785689220,0
0.45499999999999624,0.3665940654079075,0.0050578001918384925,-0.4999999999999997,-0.8660254037844388,0.1917808216550713,0.14599999999999227,-0.10069025889723852,-0.0956375514175077,5.0,0.6576086952947863,0.45705201450530614,0.4657534240195479,1.0,SUI_otc,1785690300,1
0.5321428571428604,0.4343771592681236,-0.014409686342780446,-0.7071067811865471,-0.7071067811865479,0.7058823515569427,0.3099999999999909,-0.1235611659608753,-0.13795304752719928,4.0,0.3063829785930204,0.5789318092220577,0.09803921549405387,1.0,SUI_otc,1785693840,0
0.10190000000000003,0.1332546573965203,-0.19537102502265696,-0.7071067811865471,-0.7071067811865479,0.7301358703308215,0.05943000000000005,1.7331372771869369,1.53438020410079,0.0,0.18853240115046527,4.879121432188059,-0.12435885787492384,0.0,CHFJPY_otc,1785694500,0
0.47499999999999937,0.42534795064645464,-1.2041760436470725,-0.7071067811865471,-0.7071067811865479,0.5510204070387347,0.3400000000000006,-2.8652861610214804,-4.034959115135598,3.0,0.27683615803568695,11.209626345078552,0.1428571425655987,1.0,ETHEREUM_otc,1785695580,0
0.08956357142857106,0.08108800136964671,-0.023554346213364073,-0.5000000000000004,0.8660254037844384,0.39296993995955065,0.06219799999999935,0.5342759954754676,0.5105958040443943,4.0,0.8210218114855169,1.5095472435357018,-0.0838512472353157,0.0,NZDJPY_otc,1785719040,1
0.49500000000000455,0.21927953936190184,0.028086130796802472,-0.25881904510252157,0.9659258262890681,0.676056337075968,0.29199999999999593,0.06752262612731671,0.09562772141721074,9.0,0.25694444426601437,0.3497267759554342,-0.18309859129139466,0.0,AVAX_otc,1785723840,0
0.4500000000000008,0.3641730056348684,-0.14209627152309767,0.49999999999999994,0.8660254037844387,0.6607142845344443,0.2819999999999993,-0.6692110118332962,-0.8103563594599569,17.0,0.5474860332136996,2.0645905420753703,0.12499999977677304,1.0,INTEL_otc,1785733320,1
0.447142857142856,0.24559861828838067,-0.08466628976326111,0.8660254037844386,0.5000000000000001,0.9874999987656274,0.2939999999999984,-1.1128816906913954,-1.1966057448176934,10.0,0.3524590161045419,2.999754118441115,0.012499999984372559,1.0,GOLD_otc,1785741900,1
0.5114285714285712,0.579319893025763,-0.257720029766551,1.2246467991473532e-16,-1.0,0.5652173904851949,0.43799999999999956,-1.2935167393869218,-1.5479031174276894,6.0,0.9545454541115697,4.823503617521965,0.3768115936567932,1.0,GOLD_otc,1785772260,1
0.5528571428571428,0.49980710564933856,2.1829185127928086,-0.2588190451025208,-0.9659258262890683,0.6304347819234406,0.34599999999999975,-7.279840759338846,-5.255835238183481,0.0,0.3368983955417661,17.395348835591122,0.05434782602788358,1.0,ETHEREUM_otc,1785772800,1
0.3271428571428641,0.29502188393933365,0.037372957799997136,-0.2588190451025208,-0.9659258262890683,0.04999999974994316,0.14999999999998864,0.08432572835988288,0.1217302011787545,19.0,0.9166666659722114,0.2949654756311688,-0.24999999875,0.0,AMZN_otc,1785774840,1
0.4828571428571422,0.5938554418357638,0.05842607787597824,-0.8660254037844385,-0.5000000000000004,0.6041666654080304,0.21599999999996272,0.09371751372403761,0.15219834706756769,17.0,0.9206349201478237,0.3585385286634293,-0.33333333263888887,0.0,VISA_otc,1785784620,0
0.5042857142857267,0.4128778656662676,0.005141114274078456,-0.8660254037844385,-0.5000000000000004,0.4666666661481145,0.2819999999999709,-0.10621556584828352,-0.10107991223782219,10.0,0.7314285710105967,0.3324215485139191,0.42222222175309204,1.0,VISA_otc,1785786000,0
0.11832428571428519,0.1303437212936678,-0.00772677806686461,-0.9659258262890683,-0.25881904510252063,0.46324695621865064,0.06545600000000178,-0.2784538174251365,-0.2861590799835099,1.0,0.40629026719855765,1.1733026499934824,0.46040454481485515,1.0,EURNZD_otc,1785787260,0
0.6142857142857159,0.6551038001822497,0.01876104055589637,-0.9659258262890683,-0.25881904510252063,0.7926829258625607,0.35999999999997956,0.1348749888513927,0.15366133335864726,1.0,0.08636363632437957,0.5406733841225319,-0.03658536580900927,0.0,SUI_otc,1785788160,1
0.575714285714294,0.5489210194935211,-0.0014965145190891768,-0.8660254037844386,0.5000000000000001,0.8593749986572626,0.25799999999998136,0.11331798142189499,0.1118197710827611,1.0,0.3033175354012629,0.41705374261179273,-0.09374999985352118,0.0,LINK_otc,1785800760,1
0.5742857142857117,0.4929129606803904,-0.032715390262612186,0.0,1.0,0.25862068920934056,0.4999999999999886,-0.17377739906661768,-0.20643593737493698,10.0,0.839285713786117,0.41553302003360165,0.05172413784180931,1.0,SUI_otc,1785813000,1
0.44071428571428484,0.16359458067992982,0.14951530847565245,0.25881904510252074,0.9659258262890683,0.5757575748852227,0.18800000000000097,0.7835406050272932,0.9342274266555841,3.0,0.4374999996093714,2.4899955535240057,-0.3181818176997167,0.0,SHIBA_otc,1785817980,1
0.44500000000000534,0.3155215459774305,-0.0016808914835891105,0.25881904510252074,0.9659258262890683,0.7499999986607397,0.29200000000001863,0.1290170625775537,0.12733400245714732,5.0,0.5652173908947933,0.3404801263222202,-0.14285714260201182,0.0,COKE_otc,1785818100,0
0.4799999999999999,0.30884399845826643,0.5015525853233145,0.49999999999999994,0.8660254037844387,0.18181818126721908,0.17200000000000024,-2.360901781625971,-1.8711903602253461,3.0,0.4671532843305451,9.600560616005573,0.39393939274564044,1.0,ETHEREUM_otc,1785819780,1
0.5557142857142857,0.356407594794199,1.3168912969967717,0.7071067811865476,0.7071067811865476,0.8072289146900866,0.30400000000000044,-7.503013534049617,-6.284928769295234,5.0,0.14917127063581725,24.76060191179745,0.09638554205254762,1.0,SPACEX_otc,1785823500,0
0.4942857142857032,0.31569215788417127,-0.01740397924478258,0.7071067811865476,0.7071067811865476,0.6842105251154726,0.37999999999999545,-0.11088681771948769,-0.12827149824552916,16.0,0.3423913041617566,0.35041611914079757,0.12280701732831077,1.0,VISA_otc,1785825060,0
0.10959857142857134,0.08112596509814309,0.045009484613083725,0.9659258262890683,0.25881904510252074,0.01968243434190561,0.08663400000000081,0.2077941996594385,0.2528972113708448,3.0,0.2529247699919501,0.7196145999551361,-0.27952364737815766,0.0,EURJPY_otc,1785831480,1
0.3992857142857143,0.19867694247983325,0.6881038561085615,0.9659258262890683,0.25881904510252074,0.5348837196863182,0.11600000000000055,3.92308920258272,4.638187986772832,7.0,0.6240601499067217,15.465116277271498,-0.30232558069226395,0.0,SPACEX_otc,1785832620,1
0.08635214285714252,0.09158217437162257,0.08395300409892492,0.9659258262890683,0.25881904510252074,0.8988954919348757,0.05353199999999987,0.29824932343077887,0.38245271679642867,9.0,0.5602453612962097,0.9634600019597388,-0.06434437799859247,0.0,GBPCAD_otc,1785833640,0
0.4885714285714227,0.37634812646807875,0.017724313041900946,1.0,6.123233995736766e-17,0.9418604640210803,0.34799999999999043,-0.17669553140802627,-0.15900253643524312,3.0,0.8797468348862364,0.35928688375395473,0.03488372088970391,1.0,AVAX_otc,1785835080,1
0.0908092857142864,0.09007419461630804,0.09156428224698897,1.0,6.123233995736766e-17,0.6406420094804166,0.07218800000000059,0.5768397019165626,0.6689321632963272,11.0,0.5440539322258117,1.633462772191948,-0.11944649274945415,0.0,EURCHF_otc,1785835560,1
0.0953321428571426,0.13954808392411705,0.03319693607906925,0.9659258262890683,-0.25881904510252063,0.37763851931365816,0.0817300000000003,0.6550911366604227,0.6885055429253888,16.0,0.37100793373005725,0.9621032640795837,-0.463472951323599,0.0,EURCHF_otc,1785838560,1
0.5228571428571424,0.7288120697317817,-0.2638503436064238,0.9659258262890683,-0.25881904510252063,0.14492753602185698,0.1799999999999983,-0.5391871719555973,-0.8016148683561345,19.0,0.30322580625598317,1.6646976694053808,0.0724637680109182,1.0,INTEL_otc,1785840540,1
0.09248142857142838,0.05895576640726659,0.03668498194686758,0.8660254037844387,-0.4999999999999998,0.7768243543410532,0.03166199999999932,0.3217472753560131,0.3585502902327596,2.0,0.6963531964530042,0.7461986137831291,-0.16455311591955935,0.0,EURCHF_otc,1785842220,1
0.6014285714285604,0.4563881133056324,0.006315821522310952,0.8660254037844387,-0.4999999999999998,0.5483870950052502,0.4359999999999786,0.14611058113097533,0.15243563073681574,7.0,0.5147058821006347,0.4548799250775908,-0.12903225764834808,0.0,NETFLIX_otc,1785843420,1
0.1020614285714291,0.09771863206514331,-0.0506860205434453,0.7071067811865476,-0.7071067811865475,0.05283018772995864,0.04060400000000044,-0.16150570397575084,-0.21210986370490018,4.0,0.36327324233123653,1.002368818701419,0.5275830992347503,1.0,GBPNZD_otc,1785845040,1
0.4421428571428651,0.3238640327910372,-0.034057571414695224,0.258819045102521,-0.9659258262890682,0.8906249986084068,0.332000000000005,-0.12489883649635881,-0.15891387040061816,19.0,0.4753086416818957,0.4192112617730599,0.07812499987794912,1.0,COKE_otc,1785854940,1
0.45142857142857096,0.22926063675286415,-0.11888140290180682,-0.7071067811865471,-0.7071067811865479,0.568965516260403,0.2659999999999997,-0.5366652357383537,-0.6549086434790283,15.0,0.2173913041902948,1.6784237411617746,0.13793103424494396,1.0,INTEL_otc,1785866400,1
0.08464714285714235,0.0793496728350421,-0.034911478737814555,-0.8660254037844385,-0.5000000000000004,0.7606339182131269,0.05405400000000071,0.3716231672920729,0.3365819494112244,1.0,0.43249435482161025,0.8256473398731137,-0.16326530490193897,0.0,EURJPY_otc,1785870060,0
0.10741428571428584,0.08372590424894577,0.3430597582649021,-0.8660254037844385,-0.5000000000000004,0.5275324629651056,0.07377600000000015,0.7026612475438069,1.048131553785954,5.0,0.5158658490792587,1.4610325371774575,-0.07904761836321463,0.0,NZDJPY_otc,1785872100,0
0.40857142857143863,0.22916954633878958,0.04612456273305705,-1.0,-1.8369701987210297e-16,0.6956521708884473,0.19199999999998454,0.10832764826148732,0.15450217664862398,14.0,0.6927710839199932,0.4276256472335065,-0.1739130427222354,0.0,COKE_otc,1785879840,1
0.10843571428571559,0.07809617863189366,0.15246484880114305,-0.9659258262890684,0.2588190451025203,0.5150061437269056,0.07298600000000022,0.21340043143999488,0.3661906408862739,3.0,0.35642677503704884,0.6166821491850123,-0.16223862039069079,0.0,EURCAD_otc,1785882780,1
0.49428571428571544,0.36917267148419036,0.6728162980824708,-0.7071067811865477,0.7071067811865474,0.6399999987201,0.2740000000000123,0.22091118609535132,0.8952138106421589,0.0,0.26857142841797477,0.42885850119975283,-0.29999999939995453,0.0,COKE_otc,1785888000,0
0.587857142857132,0.39717477552415253,-0.005139293861433124,-0.7071067811865477,0.7071067811865474,0.43956043907743153,0.3439999999999941,0.1678786678267483,0.1627307461872449,5.0,0.6516129028054003,0.4329850829643224,-0.07692307683853646,0.0,NIKE_otc,1785891000,1
0.3235714285714307,0.4334629278374976,0.02900576900865503,-0.25881904510252157,0.9659258262890681,0.407407405898569,0.14800000000000182,0.09446531987107425,0.12349848927220439,14.0,0.6842105259156839,0.382114366158557,-0.4444444427984007,0.0,AMZN_otc,1785896940,0
0.46285714285713603,0.37578050649368716,-0.011937226047180281,0.49999999999999994,0.8660254037844387,0.6310679605523558,0.31199999999998906,-0.10103319719720007,-0.11295836268324821,2.0,0.3599999997942831,0.38721097466448234,0.1650485435290989,1.0,MICROSOFT_otc,1785906120,0
0.3335714285714338,0.33368406444510107,0.02630275938321823,0.49999999999999994,0.8660254037844387,0.8085106365775803,0.2060000000000059,0.08855557916262935,0.11488163110675513,13.0,0.787610618772017,0.2525139664798816,-0.0851063827976846,0.0,AMZN_otc,1785909480,1
0.48571428571427433,0.5010214842306131,-0.017699481333789156,1.0,6.123233995736766e-17,0.7999999986666667,0.24800000000000183,-0.14094209911924208,-0.15861663443250618,13.0,0.825503355150676,0.27878606443835297,0.0166666666388731,1.0,VISA_otc,1785922080,1
0.08280785714285648,0.0538071369328989,0.12769265708862204,1.0,6.123233995736766e-17,0.013063926031493717,0.037934000000001335,0.06376774266907916,0.19154182648268078,0.0,0.23553282227022854,0.658167641459077,-0.47221737961838217,0.0,CADJPY_otc,1785922200,1
0.6271428571428633,0.6320718591228044,-0.0479045282616863,0.7071067811865476,-0.7071067811865475,0.6049382708580827,0.31200000000000044,-0.15463343369415983,-0.2024638855389001,8.0,0.7079999997168155,0.6486766995312697,0.17283950595952238,1.0,PRATA_otc,1785932580,0
0.1260549999999999,0.08883299349053496,-0.17207514668961083,0.7071067811865476,-0.7071067811865475,0.7086180668905392,0.08674600000000084,-0.25520114738110644,-0.42683715632200764,1.0,0.226913002430753,0.9859336394497453,0.18039736661355946,1.0,CADJPY_otc,1785933060,1
0.08482857142857167,0.09061568099285454,0.011812161934727913,-0.4999999999999997,-0.8660254037844388,0.6348402132904264,0.04506200000000149,0.25378433732203876,0.26562647667365613,6.0,0.5548474930423575,0.8810443734716233,-0.12073265689218057,0.0,CADJPY_otc,1785949560,1
0.13051428571428453,0.1507758670665679,-0.12228168659182095,-0.4999999999999997,-0.8660254037844388,0.7757503695126012,0.09121999999999986,-0.4437180575649895,-0.5654571582323075,11.0,0.9537072831625881,1.1721445847170349,0.16206002848129086,1.0,EURCHF_otc,1785951660,1
0.4671428571428627,0.3076640094902231,0.006264801690268441,-0.4999999999999997,-0.8660254037844388,0.5128205115055772,0.1740000000000009,0.09533652533932294,0.10160729967384227,11.0,0.5301204816083686,0.36066571068447434,-0.38461538362914643,0.0,SPOTIFY_otc,1785951660,1
0.10764428571428754,0.07920709413186212,-0.11502833948839443,-0.4999999999999997,-0.8660254037844388,0.17625658789620696,0.047325999999999625,0.2005958832519604,0.08533680164997916,4.0,0.4714252488457827,1.1244773702883804,-0.45920260999923934,0.0,EURJPY_otc,1785952140,1
0.5642857142857144,0.39870670042652623,-0.8117567471130644,-0.4999999999999997,-0.8660254037844388,0.9318181797004108,0.23399999999999893,-2.8108223843024795,-3.599762091061604,8.0,0.7324840759665696,9.37313432779862,0.02272727267562332,1.0,ETHEREUM_otc,1785952380,1
0.47642857142857153,0.3835347455983214,0.8057604301965621,-0.7071067811865471,-0.7071067811865479,0.8596491212988643,0.39200000000000157,1.4075491114983991,2.2246510154709984,18.0,0.8490566033730862,5.490805490663273,-0.0877192980917155,0.0,GOLD_otc,1785952980,1
0.4350000000000023,0.3585624531957034,0.004521063174177865,-0.9659258262890683,-0.25881904510252063,0.6666666657777778,0.2700000000000159,0.11983014134392467,0.12435662211449439,6.0,0.7407407402834842,0.3549284665767928,-0.2799999996266394,0.0,SPOTIFY_otc,1785963060,1
0.42785714285715165,0.37689010836166575,-0.02055991093747972,-0.9659258262890684,0.2588190451025203,0.2558139528934836,0.3100000000000023,-0.1591666784713313,-0.17969386488147515,9.0,0.7348066294282739,0.4684628723750078,0.4186046501893007,1.0,SUI_otc,1785967740,1
0.5214285714285681,0.3606016037059487,-0.010516495316939194,-0.9659258262890684,0.2588190451025203,0.5566037730598365,0.34400000000000547,0.20017782522966154,0.18964027822110655,12.0,0.5549999997225068,0.5576000892144597,-0.3679245279547745,0.0,NIKE_otc,1785970620,1
0.2314285714285802,0.10652606304066486,0.046721065755328514,-0.8660254037844386,0.5000000000000001,0.5238095213148963,0.1880000000000109,0.035546026841831564,0.08228370007973426,6.0,0.4307692301065318,0.14644257198183427,-0.14285714217698675,0.0,AMZN_otc,1785973860,0
0.5407142857142857,0.5348826511957384,-2.080462326424457,-0.5000000000000004,0.8660254037844384,0.01999999996000135,0.38200000000000023,-5.518668373675005,-7.484316883664851,13.0,0.6989247308070294,34.89681050001936,0.8799999982399991,1.0,SPACEX_otc,1785978780,0
0.4478571428571446,0.29436932024066553,0.026410880695706795,0.25881904510252074,0.9659258262890683,0.4418604640887173,0.2680000000000035,-0.5922825111608296,-0.5660280574925272,5.0,0.45205479421092093,1.958942707608217,0.16279069729581713,1.0,INTEL_otc,1785989100,1
0.42357142857142094,0.36828082920207905,-0.009522392280499361,0.7071067811865476,0.7071067811865476,0.8433734929597935,0.29600000000000365,0.1993313825176695,0.18979000912098865,8.0,0.4509803919357972,0.5464773640489032,-0.048192771026299354,0.0,PRATA_otc,1785999180,1
0.09312357142857154,0.09792792649349553,0.02044047056153167,0.7071067811865476,0.7071067811865476,0.19767176218130583,0.025066000000001053,0.13325839583003635,0.1537261050347384,9.0,0.8726835854288159,0.6320007249902391,-0.23590504181804747,0.0,AUDJPY_otc,1785999240,1
0.5085714285714289,0.5423904151681217,-0.021585157956204564,0.8660254037844386,0.5000000000000001,0.2499999995833807,0.11600000000000818,-0.09357805923867502,-0.11514301822298056,8.0,0.8817733985804044,0.49820841309454855,0.5166666658055398,1.0,AVAX_otc,1786000980,1
0.47714285714285765,0.39632653869694084,0.030333342729839514,1.0,6.123233995736766e-17,0.7799999984399728,0.2060000000000059,0.1049601581934014,0.1353253388477555,14.0,0.5562913903600963,0.316614945902211,-0.07999999984004093,0.0,IBM_otc,1786009440,0
0.43714285714284934,0.3410270525289586,-0.04005092798043961,0.9659258262890683,-0.25881904510252063,0.4509803912724083,0.3120000000000118,-0.09592166038874193,-0.13593417085406162,0.0,0.2127659572958832,0.24922228506742716,0.13725490169175758,1.0,BITCOIN_otc,1786010400,1
0.48857142857143493,0.27968290515210037,-0.023273528077336233,0.9659258262890683,-0.25881904510252063,0.6315789462604193,0.36400000000001,-0.08213532635092569,-0.10538973864002221,2.0,0.39999999969229016,0.26166945109748085,0.2456140346567965,1.0,META_otc,1786013220,0
0.09993571428571409,0.09989429893670242,-0.07889989536871041,0.8660254037844387,-0.4999999999999998,0.5411228137983246,0.07692599999999743,-0.23563040384557546,-0.3143443870721948,8.0,0.5478806118747838,1.1086317933739245,0.22888818816727505,1.0,AUDUSD_otc,1786014480,0
0.4757142857142834,0.4114441199016344,0.01990038624458532,0.7071067811865476,-0.7071067811865475,0.4637681152698929,0.34799999999999043,0.09292242313454306,0.11284130130023999,4.0,0.3552631576610288,0.3341540626091805,-0.14492753602187758,0.0,MICROSOFT_otc,1786018740,1
0.4242857142857425,0.2979785378728164,-0.0004524129541461579,-0.2588190451025208,-0.9659258262890683,0.8611111099150972,0.4460000000000036,-0.10431117674805611,-0.10476311778492603,8.0,0.5580110494155031,0.33298991831568353,0.08333333321767154,1.0,VISA_otc,1786033380,0
0.10120999999999977,0.08779280149946377,-0.051474997287407405,-0.7071067811865471,-0.7071067811865479,0.8311024151669107,0.06944400000000002,-0.3555070126860951,-0.4067990127483658,0.0,0.2914925741467665,1.0278518620203247,0.03978041780885609,1.0,AUDUSD_otc,1786041900,0
0.4564285714285542,0.36482194968413306,0.02175302466576019,-0.8660254037844385,-0.5000000000000004,0.23076923017760448,0.317999999999995,0.07292558626579856,0.0946944744523268,12.0,0.8439716306070957,0.30372221264798116,-0.025641025575256996,0.0,PAYPAL_otc,1786046220,0
0.1237400000000005,0.2690573689929739,-0.0678246645410996,-0.8660254037844386,0.5000000000000001,0.6033879803651914,0.17116000000000184,-1.0315258028219225,-1.0986508384476033,7.0,0.8360483437638013,2.5026967358558894,0.05222762136235719,1.0,GBPCAD_otc,1786059420,1
0.08127000000000047,0.14083523405396461,-0.15127287790115104,-0.5000000000000004,0.8660254037844384,0.07566101592326965,0.07895800000000008,-0.3848499130172936,-0.5355406173794234,19.0,0.5686236836147689,1.1242702931993778,0.10820338836329862,1.0,AUDUSD_otc,1786065540,0
0.45500000000000007,0.4175017273117733,-1.946837518811989,-0.25881904510252157,0.9659258262890681,0.23809523771730942,0.23599999999999993,-4.939554097120209,-6.790226523507446,0.0,0.1346153845290932,15.950920243767804,0.09523809508692434,1.0,SPACEX_otc,1786068000,0
0.4785714285714283,0.3059375789249585,-1.572636448139695,0.0,1.0,0.4029850740253962,0.18599999999999994,-5.9374554309054295,-7.416717290846657,7.0,0.5037037033305898,19.508670517412035,0.014925373112051365,1.0,SPACEX_otc,1786072920,1
0.10420357142857181,0.08756294797456672,-0.11676422992549429,0.25881904510252074,0.9659258262890683,0.5978357774074953,0.07059600000000117,-0.6335117285822632,-0.7495362434163908,19.0,0.5657808254717565,2.145022294172756,0.23836137559687326,1.0,NZDJPY_otc,1786076340,0
0.4421428571428571,0.34653782122469484,1.6799087148357026,0.49999999999999994,0.8660254037844387,0.7183098581432253,0.23400000000000015,11.878937865722259,13.758401892994149,14.0,0.5699999997149998,35.026269696142506,-0.04225352106724892,0.0,SPACEX_otc,1786080540,0
0.4207142857142766,0.39492174774394173,0.035252701808218365,0.7071067811865476,0.7071067811865476,0.8392857127869336,0.25200000000000955,0.16643284564603955,0.20174421952904442,13.0,0.6804123707832899,0.42434052233163183,-0.08928571412629545,0.0,APPLE_otc,1786084080,1
0.11628642857142779,0.10183068892661404,-0.002132586761380681,0.7071067811865476,0.7071067811865476,0.5243879846803771,0.0800879999999978,-0.39688659541774524,-0.39901071822813433,8.0,0.6122148030450768,0.9084806629478448,0.06147869481727014,1.0,GBPNZD_otc,1786085580,1
0.41928571428571054,0.2633647450423721,0.05143357204170108,0.8660254037844386,0.5000000000000001,0.8214285684948761,0.22200000000000272,-0.11026267382425979,-0.058885813814335226,0.0,0.22727272706612273,0.2912672774445409,0.07142857117339688,1.0,PRATA_otc,1786088700,0
0.09241642857142704,0.06912188671684553,-0.04008764069106332,0.8660254037844386,0.5000000000000001,0.4909040460848453,0.06775599999999997,0.24561859053229937,0.20543248714319298,5.0,0.5627810428515393,0.874427137601238,-0.3028286172888153,0.0,EURJPY_otc,1786089000,0
0.4692857142857153,0.3896074383799934,0.13784845863413542,1.0,6.123233995736766e-17,0.14583333302951326,0.1980000000000004,0.5826218272007612,0.7212734210433589,2.0,0.3825503353137243,2.4156939039815906,-0.08333333315971975,0.0,NVIDIA_otc,1786093320,0
0.47428571428572547,0.5574510278439524,0.011783110396094663,1.0,6.123233995736766e-17,0.18181818099154762,0.20799999999999272,0.12492910378858961,0.13672693471890054,11.0,0.8688524585416356,0.39918853478088084,-0.1363636357439191,0.0,MICROSOFT_otc,1786096560,1
0.3821428571428588,0.30578668242756263,0.016701597452890425,0.9659258262890683,-0.25881904510252063,0.6530612231571078,0.18400000000002592,0.06423421875458309,0.0809465443481169,6.0,0.36054421744182,0.30353086929526985,-0.28571428513116215,0.0,MASTERCARD_otc,1786097160,1
0.46357142857141703,0.40514886685834034,-0.02041677108593495,0.9659258262890683,-0.25881904510252063,0.06451612882408236,0.26799999999997226,-0.1270073010571225,-0.1473981413531382,14.0,0.5430463572562766,0.39996821444548725,0.225806450884655,1.0,SUI_otc,1786097640,1
0.0908621428571418,0.0882341624555685,-0.022812766275086688,0.9659258262890683,-0.25881904510252063,0.15531751996026136,0.06785799999999967,-0.303087269226822,-0.3258308929115704,7.0,0.8841837361389896,0.963006767123836,0.40613479581179934,1.0,AUDUSD_otc,1786099020,1
0.44571428571428634,0.323946305291958,-0.054358753510232734,0.9659258262890683,-0.25881904510252063,0.6851851839163784,0.34799999999999043,-0.16200447387778313,-0.2162751637753851,18.0,0.8149779732092522,0.6011652542356912,0.03703703696841874,1.0,SUI_otc,1786099680,1
0.4035714285714285,0.3071072046781294,2.9395826585840523,0.49999999999999994,-0.8660254037844387,0.6304347812381853,0.26000000000000034,9.608325793528158,12.830353130919022,12.0,0.4554973819604727,36.03773584225702,-0.1739130431001892,0.0,SOLANA_otc,1786108320,0
0.4985714285714285,0.36439095657106857,-0.21874806562109417,1.2246467991473532e-16,-1.0,0.8636363623278239,0.3060000000000002,-3.739001357484037,-3.949570429962088,3.0,0.5075757571912303,10.628019322815781,0.0909090907713506,1.0,ETHEREUM_otc,1786114980,1
0.10226285714285563,0.06753508703948595,0.09451626549027638,-1.0,-1.8369701987210297e-16,0.7888023251913486,0.07895400000000023,0.226508510389649,0.3212388632649633,0.0,0.7882520293160454,0.6601568757979072,-0.04122078571515145,0.0,EURJPY_otc,1786137300,1
0.452142857142856,0.30353322349727796,0.03795447115112803,-0.7071067811865477,0.7071067811865474,0.4199999991599591,0.2019999999999868,0.07423635794137855,0.11221900510956509,1.0,0.21551724119352553,0.2454351183796022,-0.11999999976000456,0.0,LINK_otc,1786147260,1
0.4285714285714285,0.525750118224775,-1.6736613376956448,-0.7071067811865477,0.7071067811865474,0.7692307677514789,0.358,-10.321961021211818,-11.822867688003427,10.0,0.9226804118955262,28.362573095268623,0.13461538435650955,1.0,SOLANA_otc,1786148700,1
0.4464285714285836,0.16937506330104724,-0.018355882575173028,-0.7071067811865477,0.7071067811865474,0.3220338977592744,0.17400000000001228,0.03477435312624119,0.016412087411642032,2.0,0.4886363630811053,0.20946894860819804,-0.3389830502729052,0.0,NETFLIX_otc,1786150020,0
0.5078571428571438,0.18712398265850497,0.0222815174039863,-0.25881904510252157,0.9659258262890681,0.5208333327907789,0.23800000000001093,0.06074683110837327,0.08304188382810535,0.0,0.7291666659071379,0.2041033273090242,-0.20833333311635893,0.0,STARBUCKS_otc,1786155300,1
0.44071428571428595,0.2826299176138056,1.1246040860078286,0.49999999999999994,0.8660254037844387,0.5555555534979445,0.16400000000000006,2.5477632919227133,3.7010196280133125,1.0,0.39473684175900253,9.047619046900973,-0.11111111069958628,0.0,ETHEREUM_otc,1786165260,1
0.4471428571428575,0.405603606646313,-0.3544464849229076,0.8660254037844386,0.5000000000000001,0.24999999960936947,0.15400000000000064,-0.6776910077699814,-1.0297354407372097,7.0,0.673202613939082,3.450608930909986,0.34374999946288853,1.0,SHIBA_otc,1786172820,0
0.6221428571428679,0.4631242446520582,0.03471697939125485,0.9659258262890683,-0.25881904510252063,0.4545454538567493,0.3380000000000109,0.14763418322985364,0.18240241675007485,16.0,0.47457627091830923,0.3727728402334051,-0.12121212102843779,0.0,PAYPAL_otc,1786183260,1
0.4978571428571429,0.4127953488113401,-1.167955349555707,0.9659258262890683,-0.25881904510252063,0.7941176458910052,0.2759999999999998,5.93388901056691,4.696628486875588,2.0,0.5024875619390609,18.542435422643685,-0.14705882331314835,0.0,FORD_otc,1786183320,0
0.509285714285718,0.33579903074752376,0.03324264579666918,0.49999999999999994,-0.8660254037844387,0.2999999990000947,0.26400000000001,0.09069148137832111,0.12396427542291265,14.0,0.6859903378328648,0.44243058969277127,-0.49999999833323855,0.0,PAYPAL_otc,1786196640,0
0.4735714285714323,0.5141946655361346,-0.0022297705536960034,0.49999999999999994,-0.8660254037844387,0.6037735843360484,0.2279999999999859,-0.07406325651050662,-0.07629137562351784,2.0,0.2417061610228822,0.45260516098489617,0.22641509412603159,1.0,LINK_otc,1786196820,1
0.5571428571428539,0.6003538333741115,-0.03076125894379224,0.258819045102521,-0.9659258262890682,0.6341463399167433,0.46400000000001,0.13344428421716842,0.10264197613156245,0.0,0.1548672565686535,0.45582896329072864,-0.21951219458665028,0.0,IBM_otc,1786199400,0
0.42714285714285843,0.2825754784536905,0.02330111575367726,0.258819045102521,-0.9659258262890682,0.11764705813170426,0.16000000000001363,0.06294153524857407,0.08625731708223675,13.0,0.5686274506087533,0.4608433734925796,-0.8823529359859429,0.0,NIKE_otc,1786201080,0
0.28714285714285587,0.2292330736849941,-0.029721987216179385,1.2246467991473532e-16,-1.0,0.6206896530320843,0.16599999999998544,-0.07338934694407864,-0.10308952138794127,14.0,0.6357142852602046,0.3181095205627803,0.24137930951244457,1.0,AMZN_otc,1786204740,1
0.47214285714285403,0.5794393841779502,0.05937087721254861,-0.4999999999999997,-0.8660254037844388,0.14285714260201182,0.24400000000000546,0.1348509085115853,0.1943018478914463,4.0,0.6336633660229593,0.6022120859773901,-0.2857142852041252,0.0,NIKE_otc,1786208640,0
0.08370714285714291,0.0880878754187971,-0.13902645546760128,-0.8660254037844385,-0.5000000000000004,0.23025969687456002,0.07404799999999981,-0.4905871340289699,-0.6289315435931506,6.0,0.5095041306118708,1.6414441159424493,0.06529281815487574,1.0,NZDJPY_otc,1786215960,1
0.461428571428572,0.2557997585643241,0.220769889227263,-0.9659258262890683,-0.25881904510252063,0.05797101440873632,0.1260000000000005,1.1904503826797843,1.413848427898195,2.0,0.43262411316835375,7.85953177213715,-0.40579710086116455,0.0,ETHEREUM_otc,1786219320,1
0.4642857142857143,0.35677431533973303,-1.1448554790801753,-0.9659258262890683,-0.25881904510252063,0.26923076871301227,0.19399999999999906,-2.331534955663519,-3.4496977290571116,9.0,0.4205128202971732,11.919315402694414,0.11538461516272637,1.0,ETHEREUM_otc,1786222440,1
0.08030571428571369,0.07159643105530981,-0.04466146994219977,-0.8660254037844386,0.5000000000000001,0.5272340369443278,0.05627999999999957,-0.3401040370051564,-0.3846136114850969,3.0,0.3873063960023374,0.9300210804487034,0.06414893548776923,1.0,EURCHF_otc,1786231080,0
0.4278571428571435,0.3882002714798088,0.0011200408732340902,-0.8660254037844386,0.5000000000000001,0.30769230690337546,0.22200000000002545,0.08605024600601713,0.087171250677178,7.0,0.8811188805027479,0.26564125427206997,-0.17948717902709047,0.0,VISA_otc,1786233120,0
0.09524928571428605,0.08109173132217905,-0.02759298236541103,-0.7071067811865477,0.7071067811865474,0.8281118411286578,0.08697999999999836,0.387140108178075,0.3594403023108849,4.0,0.22837024417660515,1.1583169558221842,-0.14074628129857075,0.0,GBPNZD_otc,1786233840,0
0.08636071428571412,0.10677345994246436,-0.026894117193513506,-0.7071067811865477,0.7071067811865474,0.41205186251631576,0.02915400000000119,-0.13241116420380028,-0.15926967058363553,1.0,0.1252644567055935,0.7548367542293168,0.1604881745158075,1.0,AUDJPY_otc,1786234560,0
0.4314285714285729,0.3068816933434992,0.03327106598420261,-0.5000000000000004,0.8660254037844384,0.5853658529447029,0.14800000000000182,-0.09358004015120222,-0.06034010924390636,0.0,0.49295774613172605,0.313140891348232,0.26829268259960926,1.0,MICROSOFT_otc,1786237200,0
0.10156857142857158,0.06810561104725411,-0.21010052464362966,-0.25881904510252157,0.9659258262890681,0.5387540177043372,0.0822460000000003,-0.8843062019588781,-1.092548794632736,11.0,0.6007746319022639,3.496465332622877,0.08737935004841448,1.0,CHFJPY_otc,1786242360,1
0.47357142857142015,0.654494604304297,-0.05250043965159351,-0.25881904510252157,0.9659258262890681,0.5333333324444635,0.33599999999999,-0.153889970806326,-0.20630961754666646,8.0,0.8070175435056975,0.4966454648416536,0.06666666655559346,1.0,LINK_otc,1786243080,0
0.04802357142857007,0.07798299820104412,0.044724670591721055,0.25881904510252074,0.9659258262890683,0.08605340881524236,0.04927200000000056,0.18678602945428235,0.2315942394823882,8.0,0.38993611609044454,0.6953540797877994,-0.12081389907509098,0.0,EURNZD_otc,1786250280,0
0.4842857142857123,0.4168194595370151,0.012326770915733663,0.7071067811865476,0.7071067811865476,0.21739130387526853,0.33000000000001817,-0.08520711682090215,-0.0728908491912629,0.0,0.14024390235352208,0.2997952617718976,0.2826086950377749,1.0,VISA_otc,1786256100,1
0.4435714285714286,0.34519066239806157,-1.4282050806524977,0.9659258262890683,0.25881904510252074,0.24242424168962365,0.20599999999999988,-4.883495817242381,-6.241954562519571,7.0,0.4758620686373367,20.083102490293204,0.09090909063360954,1.0,SOLANA_otc,1786263720,1
0.5150000000000148,0.34925666744532985,0.05621020440419471,1.0,6.123233995736766e-17,0.5454545449035395,0.3939999999999941,-0.12364965698025362,-0.06750895630099259,0.0,0.4406779658527134,0.3536039635601018,0.24242424217937641,1.0,DISNEY_otc,1786266000,1
0.443571428571419,0.4934521809866023,-0.07026269792610979,1.0,6.123233995736766e-17,0.7303370778310676,0.22999999999999546,-0.17777413929456967,-0.24791192831419617,13.0,0.7042801553679872,0.6141860242791921,0.17977528069691256,1.0,NETFLIX_otc,1786268580,0
0.48928571428571593,0.5622306439321887,0.007390393077301046,1.0,6.123233995736766e-17,0.16666666597206434,0.3579999999999927,-0.1574672581292951,-0.15008850250133787,11.0,0.5463917520140442,0.213675213674749,0.1249999994792851,1.0,LINK_otc,1786269360,1
0.4521428571428571,0.6457366523409931,6.19892311750699,0.9659258262890683,-0.25881904510252063,0.7384615373254441,0.25399999999999984,18.833465373727705,26.19986053011437,18.0,0.6306306303465629,43.1067961081346,-0.18461538433136102,0.0,SOLANA_otc,1786271580,1
0.5542857142857136,0.43751357943815694,-0.004345603125933829,0.9659258262890683,-0.25881904510252063,0.6989247304313138,0.5980000000000019,-0.16202391032991711,-0.1663624725397389,12.0,0.649635036022152,0.2497948764695973,0.10752688160470465,1.0,VISA_otc,1786273020,1
0.5271428571428528,0.3259415785058815,0.012651469356969092,0.258819045102521,-0.9659258262890682,0.6190476180650768,0.3279999999999973,0.09639388417875829,0.10905754877844624,17.0,0.6811594197962487,0.2695049311585282,-0.20634920602157197,0.0,BITCOIN_otc,1786284120,1
0.08263214285714225,0.0638877620971806,-0.03349113231049012,1.2246467991473532e-16,-1.0,0.47824664182483956,0.04026199999999989,-0.15923945241532547,-0.19267725363011667,14.0,0.3564225480032229,0.6262374115694344,0.028568312849547514,1.0,EURGBP_otc,1786290240,1
0.0913735714285708,0.07667796840980372,-0.010323757191293598,-0.4999999999999997,-0.8660254037844388,0.40593478294703017,0.0650500000000008,0.24750379788251362,0.2371544890000874,3.0,0.6615464942350618,0.702659424840671,-0.3016654902455158,0.0,EURNZD_otc,1786297680,1
0.09150214285714268,0.052329030980466776,-0.008693146827622797,-0.7071067811865471,-0.7071067811865479,0.6252552173295639,0.06654399999999967,-0.41249949021407223,-0.42115677785534744,6.0,0.8442579136045099,1.2980870425903268,0.20865399553436073,1.0,NZDJPY_otc,1786301460,1
0.4028571428571429,0.4053224194928201,-0.017415435239614918,-0.8660254037844385,-0.5000000000000004,0.6506024088546877,0.2659999999999997,-0.6653051421032612,-0.6826047115567073,2.0,0.5674157300183083,2.0606621902979794,0.15662650583540172,1.0,INTEL_otc,1786302120,1
0.4678571428571437,0.27561021209454556,-0.019135674793634466,-0.8660254037844385,-0.5000000000000004,0.6851851839163062,0.25799999999998136,0.11413213518827864,0.09497462044041952,2.0,0.6956521734089763,0.3263568641354456,-0.25925925877921974,0.0,NETFLIX_otc,1786303020,0
0.5214285714285712,0.4861578453053724,-0.3555638422070966,-0.9659258262890683,-0.25881904510252063,0.7906976725797813,0.3140000000000029,-1.3991353815042658,-1.7497244041912066,18.0,0.8364779868952977,3.1666998605224643,0.04651162779880094,1.0,NVIDIA_otc,1786307580,1
0.09565428571428468,0.07219233749045476,0.03160278096764644,-0.9659258262890683,-0.25881904510252063,0.25568739177728644,0.053521999999999535,-0.2399208187006611,-0.20839385938384442,8.0,0.6640145042409434,0.6971084266303335,0.32598804241248863,1.0,EURJPY_otc,1786308780,1
0.4664285714285817,0.3241997754745313,-0.03893860031337979,-1.0,-1.8369701987210297e-16,0.02173913038762571,0.24600000000000363,-0.04264129243179232,-0.08156328882274365,18.0,0.8478260864957332,0.37616273126776456,0.5434782596880477,1.0,META_otc,1786310280,0
0.4650000000000034,0.6058710013100057,0.027723536984010463,-1.0,-1.8369701987210297e-16,0.2307692304141743,0.14199999999998453,0.07110549852436927,0.09884874846756081,4.0,0.24752475235271273,0.4385679237490167,-0.3846153840236821,0.0,SPOTIFY_otc,1786312140,1
0.44071428571428584,0.43785942850227955,-0.05127178250001356,-0.5000000000000004,0.8660254037844384,0.5769230758135927,0.24199999999999874,0.6987956077724353,0.6471655403082851,1.0,0.49673202581913234,1.770423513055192,-0.057692307581362,0.0,INTEL_otc,1786323660,1
0.46142857142857097,0.44351059553845984,0.20704191093382432,-0.25881904510252157,0.9659258262890681,0.7936507923910273,0.31400000000000006,1.5754189775181764,1.7857226660082683,16.0,0.6449704138195442,3.4148312789772817,-0.19047619017385378,0.0,NVIDIA_otc,1786328160,1
0.4585714285714297,0.2671913336448981,-0.013800253625348568,-0.25881904510252157,0.9659258262890681,0.8928571412627515,0.17800000000000865,0.11692877750799516,0.10311238741478945,1.0,0.6328124995056305,0.3002862102934758,-0.10714285695153425,0.0,APPLE_otc,1786329960,1
0.4407142857142828,0.2866440915070008,0.028026873652235166,0.0,1.0,0.5820895513700662,0.2940000000000168,0.0781087889157053,0.10615755401952114,18.0,0.95833333283421,0.37698802277562266,-0.014925373112037753,0.0,IBM_otc,1786330980,0
0.06189714285714233,0.042442357807963245,-0.09265912374009148,0.8660254037844386,0.5000000000000001,0.5496560207581938,0.051894000000000065,0.16523076244237056,0.07241853732565091,2.0,0.5689273303709349,0.6029060722524066,-0.32010348491737256,0.0,CADJPY_otc,1786345320,1
0.36214285714285716,0.20142486946754817,-0.18387188727028747,0.8660254037844386,0.5000000000000001,0.7469879509072419,0.24200000000000016,1.056309118746844,0.8704949759645086,4.0,0.4403669720730601,2.866158296006684,-0.060240963782847476,0.0,SHIBA_otc,1786345440,1
0.3992857142857003,0.346645621464705,0.011236126071853175,0.7071067811865476,-0.7071067811865475,0.14705882309678744,0.28600000000000136,0.10291693256179299,0.1141646225099381,8.0,0.4178082188919274,0.284644778912332,-0.35294117543262427,0.0,DISNEY_otc,1786366380,1
0.111382142857143,0.12171064617089557,-0.05340177928254078,0.7071067811865476,-0.7071067811865475,0.6231297892614445,0.08193799999999811,-0.2778719495999523,-0.3311253403172796,10.0,0.9539948093533774,0.6837064154744805,0.0018196522074504665,1.0,AUDJPY_otc,1786366500,1
0.4571428571428572,0.4232948988935708,0.48832982414428044,0.258819045102521,-0.9659258262890682,0.017857142825254708,0.2779999999999999,-6.455609943966567,-5.998804788509099,8.0,0.9090909083395946,16.50750340838914,0.3571428565051021,1.0,SPACEX_otc,1786371780,1
0.5092857142857058,8.16419561928403,-0.16459077693087898,-0.4999999999999997,-0.8660254037844388,0.873684209606642,0.5360000000000014,-1.5758067312486461,-1.737803875637634,12.0,0.9970184853311286,3.343701399682276,0.09473684200551498,1.0,DISNEY_otc,1786383720,0
0.6357142857142855,0.3225967782216744,-0.4272586766981635,-0.7071067811865471,-0.7071067811865479,0.6884057966026046,0.5520000000000003,4.112264153874913,3.6674354717705713,16.0,0.4887218041438184,17.205692106441695,-0.2898550722537285,0.0,SOLANA_otc,1786385760,1
0.6078571428571381,4.158685403534409,0.11301790586230058,-0.9659258262890683,-0.25881904510252063,0.8690476180130184,0.5480000000000018,0.5412133111316252,0.6548428849444147,18.0,0.1505154639020068,2.368684525402628,-0.07142857134354225,0.0,AVAX_otc,1786392180,1
0.6028571428571425,0.3644535273883252,-0.3723321066705815,-0.9659258262890683,-0.25881904510252063,0.8080808072645654,0.6740000000000002,-3.3374916021501853,-3.697397156028528,0.0,0.6478873234874032,10.327272726521652,0.12121212108968392,1.0,ETHEREUM_otc,1786392900,1
0.7128571428571401,0.40565575708950985,-0.006284825053243676,-0.9659258262890683,-0.25881904510252063,0.9315068480390178,0.3699999999999818,-0.14388292588961515,-0.15015870815268517,10.0,0.5594405590493475,0.37679173692986906,0.06849315059111914,1.0,SUI_otc,1786393500,1
0.6414285714285707,0.3349438200962518,0.04796141309657519,-0.9659258262890683,-0.25881904510252063,0.9384615370177527,0.5099999999999995,1.0907602251718915,1.1392447822859544,0.0,0.567567567056248,2.746165264652493,-0.03076923072189837,0.0,GOLD_otc,1786393800,1
0.2121842857142871,0.13362238239384758,0.01282553207344518,-1.0,-1.8369701987210297e-16,0.8253360558839975,0.2257760000000019,0.3964497308230243,0.4093261096838513,12.0,0.8605459477405513,0.8921384724419791,-0.007714228123228655,0.0,GBPNZD_otc,1786398120,1
0.6764285714285612,0.3842396514914363,0.011882790294616901,-0.8660254037844386,0.5000000000000001,0.7627118631140608,0.34799999999999043,0.11264588971899296,0.12454206548846067,0.0,0.37593984934140307,0.40758787655784634,-0.0847457625682504,0.0,NIKE_otc,1786403700,1
0.18309785714285734,0.5421734136347178,-0.7381621975904756,-0.7071067811865477,0.7071067811865474,0.8804788243358039,0.20104400000000097,-2.816002203413812,-3.533377737255372,6.0,0.18434133667466476,13.956538197627072,0.08874385199435601,1.0,CHFJPY_otc,1786406760,1
0.636428571428561,0.3155328652439852,0.018306861908982747,-0.25881904510252157,0.9659258262890681,0.7741935471384922,0.3199999999999818,0.07538723438176068,0.09370789732763869,10.0,0.6717557246780443,0.26452355471141836,-0.01612903223203664,0.0,PAYPAL_otc,1786414200,1
0.6964285714285795,0.3772543958171117,0.018787088492295895,-0.25881904510252157,0.9659258262890681,0.8611111099150183,0.6299999999999614,0.10491843057256317,0.12372523018325547,0.0,0.5508474571602763,0.27566229033248846,-0.04166666660883577,0.0,NETFLIX_otc,1786416300,1
0.6849999999999993,0.33033449582632074,-0.07155710667465132,-0.25881904510252157,0.9659258262890681,0.7244897951790953,0.574000000000001,-0.9333295442897623,-1.00421878734678,4.0,0.6791044771051469,3.231251507035667,0.1836734692003335,1.0,SHIBA_otc,1786416540,1
0.7264285714285685,0.3992190177469114,-0.02568142977215456,0.0,1.0,0.9784946226037889,0.8360000000000014,-0.124865396190226,-0.15051475874334827,0.0,0.7359999994112126,0.32834252692322474,0.010752688160471122,1.0,PRATA_otc,1786417200,1
0.634999999999995,0.33679892655664234,-0.015924832449555348,0.25881904510252074,0.9659258262890683,0.6923076914201184,0.48200000000001636,-0.07366823641700757,-0.08958133732334496,2.0,0.9401709393673818,0.23742846706393153,0.19230769206118042,1.0,MASTERCARD_otc,1786423620,1
0.5607142857142711,0.2949250230684107,-0.013737344559304953,0.49999999999999994,0.8660254037844387,0.6777777770247236,0.40000000000001135,-0.09109998793380818,-0.10482481777387717,4.0,0.5923076918520777,0.26558797090735037,0.09999999988886363,1.0,SPOTIFY_otc,1786426440,1
0.5828571428571417,133.17679112763693,-55.082570678040554,0.49999999999999994,0.8660254037844387,0.8032786872077398,0.618,-98.46372500203167,-99.30994476359663,2.0,0.0019821803984343134,110988.88864224691,0.1311475407686106,1.0,DOGE_otc,1786427220,1
0.1650914285714278,2.007615211185019,-0.520656710769569,0.8660254037844387,-0.4999999999999998,0.8283619794732016,0.19860800000000012,-2.152767230430334,-2.6622154141474192,8.0,0.9231232244113048,8.234007295772331,0.05246601490713779,1.0,EURCAD_otc,1786446480,1
0.8442857142857138,0.4651249390766608,0.008391967315482758,0.49999999999999994,-0.8660254037844387,0.9439999992448054,0.932000000000005,0.1097741417816998,0.11817532130728173,2.0,0.6666666661616161,0.2768572507230221,-0.02399999998077817,0.0,LINK_otc,1786453320,1
0.7750000000000016,0.39772153327250115,-0.007348148199205694,0.49999999999999994,-0.8660254037844387,0.9240506317416353,0.7439999999999714,-0.09402937865325965,-0.10137061743437112,4.0,0.8217821774042239,0.20496377620349074,0.03797468349627101,1.0,MASTERCARD_otc,1786453440,1
0.6742857142857138,1.9528143961813282,-0.9377671855040697,0.49999999999999994,-0.8660254037844387,0.9759036132820443,0.4899999999999995,-12.11299469011777,-12.937170186236063,10.0,0.18181818178145062,36.105032820123625,0.02409638551313642,1.0,ETHEREUM_otc,1786453800,1
0.4742857142857143,0.593049485560889,0.6028777581806717,-0.9659258262890683,-0.25881904510252063,0.41975308590153365,0.28200000000000075,1.010329577209101,1.619298387695087,9.0,0.5601851849258415,5.572755417812872,-0.34567901191891526,0.0,SHIBA_otc,1786478940,0
0.11159500000000021,0.08440948109943704,0.08562513279739392,-0.9659258262890683,-0.25881904510252063,0.6129945036175994,0.08344400000000007,0.340843703985858,0.42676068465742134,1.0,0.46991766792298756,0.788442501475175,-0.033790156834101755,0.0,EURJPY_otc,1786481160,1
0.11122928571428606,0.11148040969319428,-0.038066460055991416,-0.9659258262890684,0.2588190451025203,0.5403349993245622,0.09356800000000334,-0.1463823724692333,-0.18439310993787972,18.0,0.17721666508773595,0.7214009215228299,0.21399691849247557,1.0,AUDJPY_otc,1786485780,0
0.41357142857142903,0.26366395531565495,0.094753701252811,-0.9659258262890684,0.2588190451025203,0.06818181810433316,0.12599999999999767,-0.395586666933694,-0.3012077986894653,14.0,0.8205128194608806,1.9887812340135476,0.6704545446926672,1.0,SHIBA_otc,1786488240,0
